<?xml version="1.0" encoding="utf-8"?>
<extension version="3.0" type="plugin" group="joomgallery" method="upgrade">
  <name>PLG_JOOMGALLERY_JOOMSHADOWBOX</name>
  <author>JoomGallery::ProjectTeam</author>
  <creationDate>2019/04/12</creationDate>
  <copyright>Copyright (C) 2012 - 2019 Open Source Matters. All rights reserved.</copyright>
  <license>http://www.gnu.org/licenses/gpl-2.0.html GNU/GPL</license>
  <authorUrl>www.joomgalleryfriends.net</authorUrl>
  <version>3.1.0</version>
  <description>PLG_JOOMGALLERY_JOOMSHADOWBOX_XML_DESCRIPTION</description>
  <files>
    <filename plugin="joomshadowbox">joomshadowbox.php</filename>
    <filename>index.html</filename>
  </files>
  <media>
    <folder>plg_joomshadowbox</folder>
  </media>
  <languages folder="language">
    <language tag="de-DE">de-DE/de-DE.plg_joomgallery_joomshadowbox.ini</language>
    <language tag="de-DE">de-DE/de-DE.plg_joomgallery_joomshadowbox.sys.ini</language>
    <language tag="en-GB">en-GB/en-GB.plg_joomgallery_joomshadowbox.ini</language>
    <language tag="en-GB">en-GB/en-GB.plg_joomgallery_joomshadowbox.sys.ini</language>
    <language tag="fa-IR">fa-IR/fa-IR.plg_joomgallery_joomshadowbox.sys.ini</language>
    <language tag="it-IT">it-IT/it-IT.plg_joomgallery_joomshadowbox.ini</language>
    <language tag="it-IT">it-IT/it-IT.plg_joomgallery_joomshadowbox.sys.ini</language>
    <language tag="nl-NL">nl-NL/nl-NL.plg_joomgallery_joomshadowbox.ini</language>
    <language tag="nl-NL">nl-NL/nl-NL.plg_joomgallery_joomshadowbox.sys.ini</language>
    <language tag="pt-BR">pt-BR/pt-BR.plg_joomgallery_joomshadowbox.ini</language>
  </languages>
  <config>
    <fields name="params">
      <fieldset name="basic">
        <field name="global_box_existent" type="radio" default="0" label="PLG_JOOMGALLERY_JOOMSHADOWBOX_GLOBAL_SHADOWBOX_EXISTENT_LABEL" description="PLG_JOOMGALLERY_JOOMSHADOWBOX_GLOBAL_SHADOWBOX_EXISTENT_DESC">
          <option value="0">JNO</option>
          <option value="1">JYES</option>
        </field>
      </fieldset>
    </fields>
  </config>
  <updateservers>
    <server type="collection" priority="1" name="JoomGallery Update Service">https://www.joomgalleryfriends.net/components/com_newversion/xml/extensions3.xml</server>
  </updateservers>
</extension>