<?xml version="1.0" encoding="utf-8"?>
<extension type="plugin" group="search" version="3.0" method="upgrade">
  <name>plg_search_joomgallery</name>
  <author>JoomGallery::Project Team</author>
  <creationDate>2019/07/18</creationDate>
  <authorUrl>www.joomgalleryfriends.net</authorUrl>
  <copyright>(C) 2009 - 2019 JoomGallery::Project Team</copyright>
  <license>This module is released under the GNU/GPL License</license>
  <version>3.1.2</version>
  <description>PLG_SEARCH_JOOMGALLERY_DESC</description>
  <files>
    <filename plugin="joomgallery">joomgallery.php</filename>
  </files>
  <languages>
    <language tag="en-GB">language/en-GB/en-GB.plg_search_joomgallery.ini</language>
    <language tag="en-GB">language/en-GB/en-GB.plg_search_joomgallery.sys.ini</language>
    <language tag="de-DE">language/de-DE/de-DE.plg_search_joomgallery.ini</language>
    <language tag="de-DE">language/de-DE/de-DE.plg_search_joomgallery.sys.ini</language>
    <language tag="nl-NL">language/nl-NL/nl-NL.plg_search_joomgallery.ini</language>
    <language tag="nl-NL">language/nl-NL/nl-NL.plg_search_joomgallery.sys.ini</language>
    <language tag="sv-SE">language/sv-SE/sv-SE.plg_search_joomgallery.ini</language>
    <language tag="sv-SE">language/sv-SE/sv-SE.plg_search_joomgallery.sys.ini</language>
  </languages>
  <config>
    <fields name="params">
      <fieldset name="basic">
        <field name="search_limit" class="validate-numeric" type="text" default="0" label="PLG_SEARCH_JOOMGALLERY_LIMIT_LBL" description="PLG_SEARCH_JOOMGALLERY_LIMIT_DESC" required="true"/>
        <field name="search_itemid" type="text" default="" label="PLG_SEARCH_JOOMGALLERY_ITEMID_LBL" description="PLG_SEARCH_JOOMGALLERY_ITEMID_DESC"/>
        <field name="search_mode" type="list" default="0" label="PLG_SEARCH_JOOMGALLERY_MODE_LBL" description="PLG_SEARCH_JOOMGALLERY_MODE_DESC">
          <option value="0">PLG_SEARCH_JOOMGALLERY_MODE_IMAGE_LBL</option>
          <option value="1">PLG_SEARCH_JOOMGALLERY_MODE_CATEGORY_LBL</option>
        </field>
        <field class="btn-group" name="search_hidden" type="radio" default="0" label="PLG_SEARCH_JOOMGALLERY_HIDDEN_LBL" description="PLG_SEARCH_JOOMGALLERY_HIDDEN_DESC">
          <option value="0">PLG_SEARCH_JOOMGALLERY_NO_LBL</option>
          <option value="1">PLG_SEARCH_JOOMGALLERY_YES_LBL</option>
        </field>        
        <field class="btn-group" name="search_tmpl_overwrite" type="radio" default="0" label="PLG_SEARCH_JOOMGALLERY_TMPL_OVERWRITE_LBL" description="PLG_SEARCH_JOOMGALLERY_TMPL_OVERWRITE_DESC">
          <option value="0">PLG_SEARCH_JOOMGALLERY_NO_LBL</option>
          <option value="1">PLG_SEARCH_JOOMGALLERY_YES_LBL</option>
        </field>
      </fieldset>
      <fieldset name="PLG_SEARCH_JOOMGALLERY_MODE_IMAGE_PARAMS_LBL" label="PLG_SEARCH_JOOMGALLERY_MODE_IMAGE_PARAMS_LBL">           
        <field class="btn-group" name="search_img_description" type="radio" default="1" label="PLG_SEARCH_JOOMGALLERY_IMG_DESCRIPTION_LBL" description="PLG_SEARCH_JOOMGALLERY_IMG_DESCRIPTION_DESC">
          <option value="0">PLG_SEARCH_JOOMGALLERY_NO_LBL</option>
          <option value="1">PLG_SEARCH_JOOMGALLERY_YES_LBL</option>
        </field>
        <field class="btn-group" name="search_img_comment" type="radio" default="0" label="PLG_SEARCH_JOOMGALLERY_IMG_COMMENTS_LBL" description="PLG_SEARCH_JOOMGALLERY_IMG_COMMENTS_DESC">
          <option value="0">PLG_SEARCH_JOOMGALLERY_NO_LBL</option>
          <option value="1">PLG_SEARCH_JOOMGALLERY_YES_LBL</option>
        </field>
        <field class="btn-group" name="search_img_author" type="radio" default="0" label="PLG_SEARCH_JOOMGALLERY_IMG_AUTHOR_LBL" description="PLG_SEARCH_JOOMGALLERY_IMG_AUTHOR_DESC">
          <option value="0">PLG_SEARCH_JOOMGALLERY_NO_LBL</option>
          <option value="1">PLG_SEARCH_JOOMGALLERY_YES_LBL</option>
        </field>
        <field class="btn-group" name="search_img_owner" type="radio" default="0" label="PLG_SEARCH_JOOMGALLERY_IMG_OWNER_LBL" description="PLG_SEARCH_JOOMGALLERY_IMG_OWNER_DESC">
          <option value="0">PLG_SEARCH_JOOMGALLERY_NO_LBL</option>
          <option value="1">PLG_SEARCH_JOOMGALLERY_YES_LBL</option>
        </field>
      </fieldset>
      <fieldset name="PLG_SEARCH_JOOMGALLERY_MODE_CATEGORY_PARAMS_LBL" label="PLG_SEARCH_JOOMGALLERY_MODE_CATEGORY_PARAMS_LBL">                 
        <field class="btn-group" name="search_cat_description" type="radio" default="0" label="PLG_SEARCH_JOOMGALLERY_CAT_DESCRIPTION_LBL" description="PLG_SEARCH_JOOMGALLERY_CAT_DESCRIPTION_DESC">
          <option value="0">PLG_SEARCH_JOOMGALLERY_NO_LBL</option>
          <option value="1">PLG_SEARCH_JOOMGALLERY_YES_LBL</option>
        </field>
        <field class="btn-group" name="search_cat_owner" type="radio" default="0" label="PLG_SEARCH_JOOMGALLERY_CAT_OWNER_LBL" description="PLG_SEARCH_JOOMGALLERY_CAT_OWNER_DESC">
          <option value="0">PLG_SEARCH_JOOMGALLERY_NO_LBL</option>
          <option value="1">PLG_SEARCH_JOOMGALLERY_YES_LBL</option>
        </field>
      </fieldset>
    </fields>
  </config>
  <updateservers>
    <server type="collection" priority="1" name="JoomGallery Update Service">https://www.joomgalleryfriends.net/components/com_newversion/xml/extensions3.xml</server>
  </updateservers>
</extension>
