<?xml version="1.0" encoding="utf-8"?>
<extension type="file" version="3.0" method="upgrade">
  <name>BootOne: Responsive Layout for JoomGallery</name>
  <creationDate>2015/05/20</creationDate>
  <author>JoomGallery::ProjectTeam</author>
  <copyright>This component is released under the GNU/GPL License</copyright>
  <authorEmail>team@joomgallery.net</authorEmail>
  <authorUrl>http://www.joomgallery.net</authorUrl>
  <version>1.0 ALPHA</version>
  <description>BootOne: Responsive Layout for JoomGallery</description>
  <fileset>
    <files folder="administrator/components/com_joomgallery/layouts/joomgallery/common" target="administrator/components/com_joomgallery/layouts/joomgallery/common">
      <file>footer.bootone.php</file>
      <file>header.bootone.php</file>
    </files>
    <files>
      <file>components/com_joomgallery/views/category/tmpl/bootone.php</file>
      <file>components/com_joomgallery/views/category/tmpl/bootone_head.php</file>
      <file>components/com_joomgallery/views/category/tmpl/bootone_images.php</file>
      <file>components/com_joomgallery/views/category/tmpl/bootone.xml</file>
      <file>components/com_joomgallery/views/category/tmpl/bootone_password.php</file>
      <file>components/com_joomgallery/views/category/tmpl/bootone_subcategories.php</file>
      <file>components/com_joomgallery/views/detail/tmpl/bootone.php</file>
      <file>components/com_joomgallery/views/detail/tmpl/bootone.xml</file>
      <file>components/com_joomgallery/views/detail/tmpl/bootone_commentsarea.php</file>
      <file>components/com_joomgallery/views/downloadzip/tmpl/bootone.php</file>
      <file>components/com_joomgallery/views/edit/tmpl/bootone.php</file>
      <file>components/com_joomgallery/views/edit/tmpl/bootone_options.php</file>
      <file>components/com_joomgallery/views/editcategory/tmpl/bootone.php</file>
      <file>components/com_joomgallery/views/editcategory/tmpl/bootone_options.php</file>
      <file>components/com_joomgallery/views/favourites/tmpl/bootone.php</file>
      <file>components/com_joomgallery/views/favourites/tmpl/bootone.xml</file>
      <file>components/com_joomgallery/views/gallery/tmpl/bootone.php</file>
      <file>components/com_joomgallery/views/gallery/tmpl/bootone.xml</file>
      <file>components/com_joomgallery/views/search/tmpl/bootone.php</file>
      <file>components/com_joomgallery/views/toplist/tmpl/bootone.php</file>
      <file>components/com_joomgallery/views/toplist/tmpl/bootone.xml</file>
      <file>components/com_joomgallery/views/upload/tmpl/bootone.php</file>
      <file>components/com_joomgallery/views/upload/tmpl/bootone.xml</file>
      <file>components/com_joomgallery/views/usercategories/tmpl/bootone.php</file>
      <file>components/com_joomgallery/views/usercategories/tmpl/bootone.xml</file>
      <file>components/com_joomgallery/views/userpanel/tmpl/bootone.php</file>
      <file>components/com_joomgallery/views/userpanel/tmpl/bootone.xml</file>
      <file>media/joomgallery/css/bootone.css</file>
    </files>
  </fileset>
  <languages folder="language" client="site">
    <language tag="en-GB" client="site">en-GB/en-GB.com_joomgallery.layout.bootone.ini</language>
  </languages>
</extension>