<?xml version="1.0" encoding="utf-8"?>
<extension version="3.0" type="file" client="both" method="upgrade">
    <tag>pt-BR</tag>
    <name>JoomGallery pt-BR</name>
    <version>3.1.1</version>
    <creationDate>2020-01-22</creationDate>
    <author>JoomGallery::ProjectTeam</author>
    <authorUrl>https://www.joomgalleryfriends.net/</authorUrl>
    <copyright>Copyright (C) 2008 - 2020 JoomGallery::ProjectTeam. All rights reserved.</copyright>
    <license>GNU General Public License</license>
    <description><![CDATA[
    <div align="center">
      <table border="0" width="100%">
        <tr>
          <td width="100%" colspan="2">
            <div align="center">
              <h3>Brazilian Portuguese Translation for JoomGallery 3.x</h3>
              <br /><strong>by: JoomGallery::TranslationTeam::Portuguese(Brazil)</strong>
              <br />(based on a translation by: Joomla Brasil)
            </div>
            <hr />
          </td>
        </tr>
        <tr>
          <td width="25%"><u><strong>Translated areas:</strong></u></td>
          <td width="75%">Administrator (Backend) and Website (Frontend) incl. EXIF- and IPTC-Tags</td>
        </tr>
        <tr>
          <td width="25%"><u><strong>Translation version:</strong></u></td>
          <td width="75%">3.1.1</td>
        </tr>
        <td width="100%" colspan="2"><hr /></td>
        <tr>
          <td width="25%"><u><strong>JoomGallery-Website:</strong></u></td>
          <td width="75%"><a href="https://www.en.joomgalleryfriends.net" target="_blank">https://www.en.joomgalleryfriends.net</a></td>
        </tr>
        </tr>
        <td width="100%" colspan="2"><hr /></td>
        <tr>
      </table>
    </div>]]></description>
    <fileset>
      <files folder="site" target="language/pt-BR">
        <filename>pt-BR.com_joomgallery.exif.ini</filename>
        <filename>pt-BR.com_joomgallery.ini</filename>
        <filename>pt-BR.com_joomgallery.iptc.ini</filename>
      </files>
      <files folder="admin" target="administrator/language/pt-BR">
        <filename>pt-BR.com_joomgallery.ini</filename>
        <filename>pt-BR.com_joomgallery.sys.ini</filename>
      </files>
    </fileset>
</extension>
