<?xml version="1.0" encoding="utf-8"?>
<extension version="3.0" type="plugin" group="joomgallery" method="upgrade">
	<name>PLG_JOOMGALLERY_JOOMPRETTYPHOTO</name>
	<author>JoomGallery::ProjectTeam</author>
	<creationDate>2019/04/12</creationDate>
	<copyright>Copyright (C) 2009 - 2019 Open Source Matters. All rights reserved.</copyright>
	<license>http://www.gnu.org/licenses/gpl-2.0.html GNU/GPL</license>
	<authorUrl>www.joomgalleryfriends.net</authorUrl>
	<version>3.1.0</version>
	<description>PLG_JOOMGALLERY_JOOMPRETTYPHOTO_XML_DESCRIPTION</description>
	<files>
		<filename plugin="joomprettyphoto">joomprettyphoto.php</filename>
		<filename>index.html</filename>
	</files>
  <media>
    <folder>plg_joomprettyphoto</folder>
  </media>
  <languages folder="language">
    <language tag="de-DE">de-DE/de-DE.plg_joomgallery_joomprettyphoto.ini</language>
    <language tag="de-DE">de-DE/de-DE.plg_joomgallery_joomprettyphoto.sys.ini</language>
    <language tag="en-GB">en-GB/en-GB.plg_joomgallery_joomprettyphoto.ini</language>
    <language tag="en-GB">en-GB/en-GB.plg_joomgallery_joomprettyphoto.sys.ini</language>
  </languages>
	<config>
    <fields name="params">
      <fieldset name="basic">
        <field name="global_box_existent" type="radio" default="0" label="PLG_JOOMGALLERY_JOOMPRETTYPHOTO_GLOBAL_PRETTYPHOTO_EXISTENT_LABEL" description="PLG_JOOMGALLERY_JOOMPRETTYPHOTO_GLOBAL_PRETTYPHOTO_EXISTENT_DESC">
          <option value="0">JNO</option>
          <option value="1">JYES</option>
        </field>
      </fieldset>
    </fields>
  </config>
  <updateservers>
    <server type="collection" priority="1" name="JoomGallery Update Service">https://www.joomgalleryfriends.net/components/com_newversion/xml/extensions3.xml</server>
  </updateservers>
</extension>