<?xml version="1.0" encoding="utf-8"?>
<extension version="3.0" type="plugin" group="joomgallery" method="upgrade">
  <name>PLG_JOOMGALLERY_JOOMRECAPTCHA</name>
  <author>Patrick Alt (Chraneco); Modified for reCaptcha 2.0 by ericvb</author>
  <creationDate>2019/04/04</creationDate>
  <copyright>Copyright (C) 2010 - 2019 Open Source Matters. All rights reserved.</copyright>
  <license>http://www.gnu.org/licenses/gpl-2.0.html GNU/GPL</license>
  <authorUrl>www.joomgalleryfriends.net</authorUrl>
  <version>3.1.0</version>
  <description>PLG_JOOMGALLERY_JOOMRECAPTCHA_XML_DESCRIPTION</description>
  <files>
    <filename plugin="joomrecaptcha">joomrecaptcha.php</filename>
    <filename>index.html</filename>
  </files>
  <languages folder="language">
    <language tag="de-DE">de-DE/de-DE.plg_joomgallery_joomrecaptcha.ini</language>
    <language tag="de-DE">de-DE/de-DE.plg_joomgallery_joomrecaptcha.sys.ini</language>
    <language tag="en-GB">en-GB/en-GB.plg_joomgallery_joomrecaptcha.ini</language>
    <language tag="en-GB">en-GB/en-GB.plg_joomgallery_joomrecaptcha.sys.ini</language>
  </languages>
  <config>
    <fields name="params">
      <fieldset name="basic">
        <field name="publickey" type="text" default="" class="input-xxlarge" label="PLG_JOOMGALLERY_JOOMRECAPTCHA_PUBLICKEY" description="PLG_JOOMGALLERY_JOOMRECAPTCHA_PUBLICKEY_TIP" />
        <field name="privatekey" type="text" default="" class="input-xxlarge" label="PLG_JOOMGALLERY_JOOMRECAPTCHA_PRIVATEKEY" description="PLG_JOOMGALLERY_JOOMRECAPTCHA_PRIVATEKEY_TIP" />
        <field name="spacer" type="spacer" label="PLG_JOOMGALLERY_JOOMRECAPTCHA_GET_KEYS" />
        <field name="enabled_for" type="list" default="0" label="PLG_JOOMGALLERY_JOOMRECAPTCHA_ENABLED_FOR" description="PLG_JOOMGALLERY_JOOMRECAPTCHA_ENABLED_FOR_TIP">
          <option value="0">PLG_JOOMGALLERY_JOOMRECAPTCHA_ENABLED_FOR_UNREGISTERED_ONLY</option>
          <option value="1">PLG_JOOMGALLERY_JOOMRECAPTCHA_ENABLED_FOR_UNREGISTERED_AND_REGISTERED</option>
        </field>
        <field name="theme" type="list" default="light" label="PLG_JOOMGALLERY_JOOMRECAPTCHA_THEME" description="PLG_JOOMGALLERY_JOOMRECAPTCHA_THEME_TIP">
          <option value="dark">dark</option>
          <option value="light">light</option>
        </field>
        <field name="output_layout" type="list" default="0" label="PLG_JOOMGALLERY_JOOMRECAPTCHA_OPUTPUT_LAYOUT" description="PLG_JOOMGALLERY_JOOMRECAPTCHA_OPUTPUT_LAYOUT_TIP">
          <option value="0">PLG_JOOMGALLERY_JOOMRECAPTCHA_OUTPUT_LAYOUT_DEFAULT</option>
          <option value="1">PLG_JOOMGALLERY_JOOMRECAPTCHA_OUTPUT_LAYOUT_BOOTONE</option>
        </field>
      </fieldset>
    </fields>
  </config>
  <updateservers>
    <server type="collection" priority="1" name="JoomGallery Update Service">https://www.joomgalleryfriends.net/components/com_newversion/xml/extensions3.xml</server>
  </updateservers>
</extension>
