<?xml version="1.0" encoding="utf-8"?>
<extension version="3.0" type="plugin" group="editors-xtd" method="upgrade">
  <name>PLG_JOOMBU</name>
  <author>JoomGallery::ProjectTeam</author>
  <creationDate>2019/04/01</creationDate>
  <copyright>Copyright (C) 2011 - 2019 Open Source Matters. All rights reserved.</copyright>
  <license>http://www.gnu.org/licenses/gpl-2.0.html GNU/GPL</license>
  <authorEmail>team@joomgalleryfriends.net</authorEmail>
  <authorUrl>www.joomgalleryfriends.net</authorUrl>
  <version>3.2.1</version>
  <description>PLG_JOOMBU_DESC</description>
  <files>
    <filename plugin="joombu">joombu.php</filename>
  </files>
  <languages folder="language">
    <language tag="en-GB">en-GB/en-GB.plg_editors-xtd_joombu.ini</language>
    <language tag="en-GB">en-GB/en-GB.plg_editors-xtd_joombu.sys.ini</language>
    <language tag="de-DE">de-DE/de-DE.plg_editors-xtd_joombu.ini</language>
    <language tag="de-DE">de-DE/de-DE.plg_editors-xtd_joombu.sys.ini</language>
    <language tag="fa-IR">fa-IR/fa-IR.plg_editors-xtd_joombu.ini</language>
    <language tag="fa-IR">fa-IR/fa-IR.plg_editors-xtd_joombu.sys.ini</language>
    <language tag="fr-FR">fr-FR/fr-FR.plg_editors-xtd_joombu.ini</language>
    <language tag="fr-FR">fr-FR/fr-FR.plg_editors-xtd_joombu.sys.ini</language>
    <language tag="it-IT">it-IT/it-IT.plg_editors-xtd_joombu.ini</language>
    <language tag="it-IT">it-IT/it-IT.plg_editors-xtd_joombu.sys.ini</language>
    <language tag="nl-NL">nl-NL/nl-NL.plg_editors-xtd_joombu.ini</language>
    <language tag="nl-NL">nl-NL/nl-NL.plg_editors-xtd_joombu.sys.ini</language>
    <language tag="pl-PL">pl-PL/pl-PL.plg_editors-xtd_joombu.ini</language>
    <language tag="pl-PL">pl-PL/pl-PL.plg_editors-xtd_joombu.sys.ini</language>
    <language tag="sv-SE">sv-SE/sv-SE.plg_editors-xtd_joombu.ini</language>
    <language tag="sv-SE">sv-SE/sv-SE.plg_editors-xtd_joombu.sys.ini</language>
  </languages>
  <!--<config>
    <fields name="params">
      <fieldset name="basic">
        <field name="extended" type="radio" default="1" label="PLG_JOOMBU_FIELD_EXTENDED" description="PLG_JOOMBU_FIELD_EXTENDED_DESCRIPTION" class="btn-group">
          <option value="0">JNO</option>
          <option value="1">JYES</option>
        </field>
      </fieldset>
    </fields>
  </config>-->
  <updateservers>
    <server type="collection" priority="1" name="JoomGallery Update Service">https://www.joomgalleryfriends.net/components/com_newversion/xml/extensions3.xml</server>
  </updateservers>
</extension>